{"stats":{"minecraft:picked_up":{"minecraft:birch_log":9,"minecraft:stick":2,"minecraft:crafting_table":1,"minecraft:birch_sapling":1,"minecraft:cobblestone":31},"minecraft:used":{"minecraft:stone_axe":1,"minecraft:stone_sword":2,"minecraft:crafting_table":1,"minecraft:furnace":2,"minecraft:stone_pickaxe":29,"wom:stone_staff":27,"minecraft:wooden_pickaxe":3},"minecraft:crafted":{"minecraft:stone_sword":1,"minecraft:furnace":2,"minecraft:birch_planks":9,"minecraft:crafting_table":1,"minecraft:stone_axe":1,"wom:stone_staff":1,"minecraft:stick":8,"minecraft:wooden_pickaxe":1,"minecraft:air":37,"minecraft:stone_pickaxe":2},"minecraft:killed":{"alexsmobs:seal":3},"minecraft:mined":{"minecraft:stone":31,"treechop:chopped_log":1,"projectvibrantjourneys:rocks":1,"minecraft:crafting_table":1},"minecraft:custom":{"minecraft:time_since_rest":3840,"minecraft:sprint_one_cm":7321,"minecraft:play_time":3840,"minecraft:damage_taken":60,"minecraft:walk_one_cm":24656,"minecraft:mob_kills":3,"minecraft:damage_dealt_resisted":0,"minecraft:jump":44,"minecraft:damage_dealt":430,"minecraft:leave_game":1,"minecraft:time_since_death":3840,"minecraft:total_world_time":3840,"minecraft:fall_one_cm":1392,"minecraft:interact_with_crafting_table":3,"minecraft:fly_one_cm":7753}},"DataVersion":3465}