{"stats":{"minecraft:mined":{"minecraft:coal_ore":2,"minecraft:stone":31,"treechop:chopped_log":1,"projectvibrantjourneys:rocks":1,"minecraft:crafting_table":1},"minecraft:picked_up":{"minecraft:birch_log":9,"minecraft:stick":2,"minecraft:crafting_table":1,"minecraft:coal":2,"minecraft:birch_sapling":1,"minecraft:cobblestone":31},"minecraft:custom":{"minecraft:time_since_rest":4579,"minecraft:crouch_one_cm":66,"minecraft:play_time":4579,"minecraft:sprint_one_cm":9567,"minecraft:walk_one_cm":29924,"minecraft:damage_taken":60,"minecraft:sneak_time":26,"minecraft:mob_kills":5,"minecraft:damage_dealt_resisted":0,"minecraft:jump":53,"minecraft:damage_dealt":590,"minecraft:leave_game":2,"minecraft:time_since_death":4579,"minecraft:total_world_time":4579,"minecraft:interact_with_crafting_table":3,"minecraft:fall_one_cm":1601,"minecraft:fly_one_cm":9400},"minecraft:killed":{"alexsmobs:seal":5},"minecraft:used":{"minecraft:stone_axe":2,"minecraft:stone_sword":4,"minecraft:crafting_table":1,"minecraft:furnace":2,"minecraft:stone_pickaxe":31,"wom:stone_staff":27,"minecraft:wooden_pickaxe":3},"minecraft:crafted":{"minecraft:stone_sword":1,"minecraft:furnace":2,"minecraft:birch_planks":9,"minecraft:stone_axe":1,"minecraft:crafting_table":1,"wom:stone_staff":1,"minecraft:stick":8,"minecraft:air":37,"minecraft:wooden_pickaxe":1,"minecraft:stone_pickaxe":2}},"DataVersion":3465}