{"stats":{"minecraft:custom":{"minecraft:jump":11,"minecraft:time_since_rest":5858,"minecraft:leave_game":1,"minecraft:damage_dealt":15,"minecraft:crouch_one_cm":997,"minecraft:sprint_one_cm":6248,"minecraft:play_time":5858,"minecraft:walk_on_water_one_cm":453,"minecraft:time_since_death":5858,"minecraft:walk_one_cm":22879,"minecraft:sneak_time":98,"minecraft:climb_one_cm":658,"minecraft:total_world_time":5858,"minecraft:walk_under_water_one_cm":1525,"minecraft:swim_one_cm":1734,"minecraft:fall_one_cm":687,"minecraft:fly_one_cm":3666,"minecraft:open_barrel":4},"minecraft:picked_up":{"minecraft:wither_skeleton_skull":1},"minecraft:used":{"minecraft:wither_skeleton_skull":1},"minecraft:mined":{"minecraft:wither_skeleton_skull":1,"minecraft:oak_leaves":6}},"DataVersion":3465}