{"stats":{"minecraft:picked_up":{"biomesoplenty:toadstool":2,"minecraft:stick":14,"minecraft:crafting_table":1,"minecraft:gravel":1,"minecraft:crimson_fungus":2,"minecraft:oak_log":26,"minecraft:moss_carpet":3,"minecraft:light_gray_bed":2,"minecraft:apple":1,"minecraft:wheat_seeds":1,"projectvibrantjourneys:orange_bark_mushroom":1,"minecraft:oak_sapling":12,"minecraft:cobblestone":79},"minecraft:killed_by":{"minecraft:player":1},"minecraft:broken":{"minecraft:wooden_pickaxe":1},"minecraft:mined":{"treechop:chopped_log":4,"minecraft:crafting_table":1,"minecraft:grass":1,"minecraft:oak_log":5,"projectvibrantjourneys:short_grass":3,"minecraft:gravel":1,"minecraft:light_gray_bed":2,"minecraft:wither_skeleton_skull":1,"minecraft:stone":84,"minecraft:crimson_fungus":2},"minecraft:used":{"minecraft:wooden_axe":24,"minecraft:stone_pickaxe":26,"minecraft:wooden_pickaxe":59,"minecraft:crafting_table":2,"minecraft:furnace":1,"alexsmobs:animal_dictionary":1,"minecraft:potato":1,"minecraft:light_gray_bed":1},"minecraft:crafted":{"minecraft:oak_planks":12,"minecraft:crafting_table":1,"minecraft:wooden_pickaxe":1,"minecraft:stone_pickaxe":2,"minecraft:wooden_axe":1,"minecraft:furnace":1},"minecraft:custom":{"minecraft:time_since_rest":3117,"minecraft:sprint_one_cm":82864,"minecraft:interact_with_furnace":4,"minecraft:damage_taken":272,"minecraft:walk_one_cm":53137,"minecraft:interact_with_crafting_table":5,"minecraft:fly_one_cm":39436,"minecraft:open_barrel":6,"minecraft:open_chest":1,"minecraft:play_time":12322,"minecraft:deaths":1,"minecraft:sneak_time":2,"minecraft:boat_one_cm":15015,"minecraft:jump":98,"minecraft:leave_game":1,"minecraft:time_since_death":9697,"minecraft:walk_on_water_one_cm":13,"minecraft:sleep_in_bed":1,"minecraft:climb_one_cm":1016,"minecraft:total_world_time":12322,"minecraft:fall_one_cm":3879}},"DataVersion":3465}