{"stats":{"minecraft:dropped":{"minecraft:moss_carpet":2,"alexsmobs:animal_dictionary":2,"minecraft:peony":7,"minecraft:wooden_axe":1,"create:limestone":2,"minecraft:ladder":1,"minecraft:book":3,"epicfight:stone_greatsword":1,"minecraft:spruce_log":14,"projectvibrantjourneys:orange_bark_mushroom":1},"minecraft:broken":{"minecraft:stone_pickaxe":1},"minecraft:crafted":{"minecraft:oak_planks":4,"minecraft:crafting_table":1,"minecraft:stick":4,"minecraft:stone_pickaxe":1,"minecraft:wooden_axe":1,"minecraft:torch":24},"minecraft:used":{"born_in_chaos_v1:corpse_maggot":1,"minecraft:wooden_axe":11,"minecraft:flint_and_steel":4,"minecraft:stone_pickaxe":113,"epicfight:stone_greatsword":1,"minecraft:torch":4,"minecraft:cobblestone":4,"minecraft:dirt":10,"minecraft:crafting_table":1,"tombstone:gift":1},"minecraft:mined":{"minecraft:smooth_stone":3,"minecraft:mossy_cobblestone":4,"minecraft:andesite":1,"treechop:chopped_log":1,"minecraft:ladder":1,"minecraft:grass_block":3,"minecraft:coal_ore":13,"minecraft:dirt":4,"minecraft:stone_bricks":16,"quark:crimson_chest":1,"minecraft:stone":71,"create:limestone":4},"minecraft:killed_by":{"born_in_chaos_v1:corpse_fly":1,"minecraft:player":1},"minecraft:custom":{"minecraft:time_since_rest":1470,"minecraft:sprint_one_cm":63825,"minecraft:damage_taken":573,"minecraft:walk_one_cm":108773,"minecraft:drop":21,"minecraft:damage_dealt":130,"minecraft:swim_one_cm":3831,"minecraft:interact_with_crafting_table":7,"minecraft:player_kills":1,"minecraft:fly_one_cm":29623,"minecraft:crouch_one_cm":6231,"minecraft:play_time":23051,"minecraft:deaths":2,"minecraft:sneak_time":1802,"minecraft:walk_under_water_one_cm":17483,"tombstone:tomb_raiding":1,"minecraft:jump":200,"minecraft:leave_game":1,"minecraft:time_since_death":1784,"minecraft:walk_on_water_one_cm":10920,"minecraft:climb_one_cm":17130,"minecraft:total_world_time":23051,"minecraft:fall_one_cm":1393},"minecraft:picked_up":{"quark:crimson_chest":1,"born_in_chaos_v1:corpse_maggot":1,"minecraft:stick":2,"minecraft:ladder":1,"minecraft:andesite":1,"minecraft:fire_charge":1,"minecraft:golden_shovel":1,"minecraft:oak_log":12,"minecraft:spruce_log":14,"alexsmobs:animal_dictionary":2,"minecraft:mossy_cobblestone":4,"minecraft:dirt":8,"create:limestone":3,"minecraft:flint_and_steel":1,"minecraft:bone":1,"minecraft:stone_bricks":16,"minecraft:peony":1,"minecraft:golden_hoe":1,"minecraft:smooth_stone":3,"minecraft:stone_pickaxe":1,"projectvibrantjourneys:orange_bark_mushroom":1,"minecraft:oak_sapling":2,"minecraft:obsidian":1,"minecraft:coal":13,"minecraft:cobblestone":71}},"DataVersion":3465}