{"stats":{"minecraft:picked_up":{"minecraft:stick":3,"minecraft:oak_log":4,"tombstone:grave_key":1,"minecraft:wither_skeleton_skull":6,"minecraft:dirt":5,"minecraft:wheat_seeds":1,"minecraft:soul_sand":1},"minecraft:killed_by":{"witherstormmod:wither_storm":3,"undead_revamp2:thehorrors":1},"minecraft:dropped":{"tombstone:grave_key":2},"minecraft:mined":{"minecraft:soul_sand":1,"biomesoplenty:wildflower":3,"treechop:chopped_log":1,"minecraft:grass":5,"projectvibrantjourneys:twigs":2,"minecraft:grass_block":4,"minecraft:oak_log":2,"projectvibrantjourneys:short_grass":6,"minecraft:rose_bush":1,"minecraft:dirt":3,"minecraft:wither_skeleton_wall_skull":1,"minecraft:wither_skeleton_skull":4,"minecraft:oak_leaves":4},"minecraft:used":{"minecraft:wooden_axe":2,"minecraft:wither_skeleton_skull":6,"minecraft:dirt":1,"minecraft:soul_sand":1,"minecraft:crafting_table":1,"alexsmobs:animal_dictionary":1,"tombstone:gift":3},"minecraft:crafted":{"minecraft:oak_planks":16,"minecraft:crafting_table":1,"minecraft:stick":4,"minecraft:wooden_pickaxe":1,"minecraft:wooden_axe":1},"minecraft:custom":{"minecraft:time_since_rest":1,"minecraft:sprint_one_cm":39488,"minecraft:damage_taken":1301,"minecraft:walk_one_cm":58683,"minecraft:drop":2,"minecraft:damage_dealt":168,"minecraft:swim_one_cm":27521,"minecraft:interact_with_crafting_table":2,"minecraft:fly_one_cm":85103,"minecraft:open_barrel":6,"minecraft:open_chest":1,"minecraft:crouch_one_cm":1238,"minecraft:play_time":12526,"minecraft:deaths":5,"minecraft:sneak_time":520,"minecraft:walk_under_water_one_cm":4281,"minecraft:jump":249,"minecraft:leave_game":1,"minecraft:time_since_death":193,"minecraft:walk_on_water_one_cm":11216,"minecraft:climb_one_cm":2046,"minecraft:total_world_time":12526,"minecraft:damage_resisted":0,"minecraft:fall_one_cm":7165}},"DataVersion":3465}