{"stats":{"minecraft:dropped":{"minecraft:iron_sword":1,"minecraft:moss_carpet":4,"minecraft:brown_dye":1,"minecraft:rotten_flesh":4,"projectvibrantjourneys:orange_bark_mushroom":2,"wom:stone_staff":1,"minecraft:red_mushroom":2,"minecraft:dirt":1,"tombstone:grave_key":1,"born_in_chaos_v1:corpse_maggot":1,"minecraft:smooth_sandstone_slab":2,"minecraft:stone_pickaxe":4,"projectvibrantjourneys:bark_mushroom":2},"minecraft:killed":{"minecraft:pig":1,"born_in_chaos_v1:maggot":2,"minecraft:zombie":4,"alexsmobs:terrapin":2,"born_in_chaos_v1:corpse_fly":1,"enemyexpansion:botfly":3},"minecraft:crafted":{"minecraft:cooked_porkchop":1,"minecraft:crafting_table":5,"minecraft:spruce_planks":12,"wom:stone_staff":1,"epicfight:stone_greatsword":1,"minecraft:air":20,"minecraft:charcoal":14,"minecraft:stick":12,"minecraft:wooden_axe":1,"minecraft:torch":8},"minecraft:used":{"minecraft:peony":1,"minecraft:moss_carpet":2,"create:limestone":4,"minecraft:stone_pickaxe":71,"minecraft:iron_sword":6,"minecraft:torch":7,"minecraft:dirt":1,"minecraft:crafting_table":5,"wom:stone_staff":157,"minecraft:wooden_axe":11,"tombstone:magic_scroll":4,"epicfight:stone_greatsword":13,"minecraft:stone_axe":12,"minecraft:furnace":2,"minecraft:cooked_porkchop":1,"minecraft:chain":1,"tombstone:gift":2},"minecraft:mined":{"minecraft:spruce_planks":2,"biomesoplenty:bush":3,"minecraft:grass_block":6,"biomesoplenty:flowering_oak_leaves":7,"minecraft:tall_grass":1,"projectvibrantjourneys:fallen_leaves":1,"minecraft:wall_torch":1,"minecraft:spruce_log":1,"treechop:chopped_log":4,"minecraft:peony":8,"minecraft:grass":3,"minecraft:bookshelf":2,"projectvibrantjourneys:spruce_hollow_log":6,"minecraft:oak_log":1,"projectvibrantjourneys:short_grass":3,"minecraft:dirt":10,"minecraft:stone":68,"minecraft:oak_leaves":7},"minecraft:killed_by":{"minecraft:player":2,"enemyexpansion:botfly":1,"minecraft:zombie":7,"born_in_chaos_v1:corpse_fly":1},"minecraft:custom":{"minecraft:interact_with_furnace":5,"minecraft:mob_kills":14,"minecraft:interact_with_crafting_table":10,"minecraft:damage_dealt_resisted":29,"minecraft:leave_game":1,"minecraft:time_since_death":36,"minecraft:climb_one_cm":8617,"minecraft:time_since_rest":1,"minecraft:sprint_one_cm":114196,"minecraft:damage_taken":2971,"minecraft:walk_one_cm":197991,"minecraft:drop":26,"minecraft:damage_dealt":2895,"minecraft:fly_one_cm":22977,"minecraft:player_kills":3,"minecraft:open_chest":1,"minecraft:crouch_one_cm":8752,"minecraft:play_time":35242,"tombstone:undead_killed":4,"minecraft:deaths":11,"minecraft:sneak_time":2494,"minecraft:walk_under_water_one_cm":1137,"tombstone:tomb_raiding":1,"minecraft:jump":198,"minecraft:walk_on_water_one_cm":7186,"minecraft:total_world_time":35242,"minecraft:fall_one_cm":13741},"minecraft:picked_up":{"born_in_chaos_v1:corpse_maggot":4,"minecraft:ladder":3,"minecraft:red_mushroom":2,"minecraft:chain":1,"projectvibrantjourneys:rocks":1,"projectvibrantjourneys:spruce_hollow_log":6,"minecraft:dirt":12,"minecraft:moss_carpet":9,"create:limestone":4,"cataclysm:music_disc_ender_guardian":1,"minecraft:bucket":1,"minecraft:spruce_planks":2,"minecraft:stone_pickaxe":3,"quark:music_disc_endermosh":1,"minecraft:iron_sword":1,"minecraft:furnace":1,"minecraft:book":8,"minecraft:stick":7,"projectvibrantjourneys:bark_mushroom":2,"minecraft:torch":1,"minecraft:porkchop":1,"minecraft:spruce_sapling":10,"minecraft:spruce_log":26,"minecraft:brown_dye":1,"minecraft:smooth_sandstone_slab":2,"minecraft:rotten_flesh":2,"minecraft:beetroot_seeds":3,"minecraft:peony":11,"projectvibrantjourneys:orange_bark_mushroom":3,"tombstone:magic_scroll":1,"minecraft:cobblestone":69}},"DataVersion":3465}