{"stats":{"minecraft:dropped":{"minecraft:furnace":1,"minecraft:iron_sword":1,"minecraft:moss_carpet":1,"minecraft:brown_dye":1,"minecraft:wither_skeleton_skull":3,"minecraft:stick":1,"minecraft:dirt":4,"tombstone:grave_key":2,"minecraft:wooden_axe":1,"minecraft:beetroot_seeds":3,"born_in_chaos_v1:corpse_maggot":2,"minecraft:ladder":2,"minecraft:chain":1,"minecraft:smooth_sandstone_slab":2,"quark:music_disc_endermosh":1,"minecraft:bucket":1,"cataclysm:music_disc_ender_guardian":2,"minecraft:spruce_sapling":3,"minecraft:bone":1},"minecraft:killed":{"born_in_chaos_v1:restless_spirit":1,"minecraft:spider":1,"born_in_chaos_v1:decrepit_skeleton":1,"minecraft:zombie":3,"born_in_chaos_v1:corpse_fly":3,"enemyexpansion:botfly":6},"minecraft:crafted":{"minecraft:crafting_table":2,"wom:stone_staff":2,"minecraft:spruce_planks":51,"minecraft:wooden_pickaxe":2,"minecraft:brown_dye":1,"minecraft:furnace":2,"epicfight:stone_greatsword":1,"minecraft:stone_axe":2,"minecraft:air":59,"minecraft:diamond_pickaxe":1,"minecraft:stick":19,"minecraft:stone_pickaxe":4,"minecraft:stone_sword":1},"minecraft:used":{"minecraft:stone_sword":10,"minecraft:stone_pickaxe":95,"minecraft:wooden_pickaxe":11,"minecraft:iron_sword":1,"minecraft:rotten_flesh":4,"minecraft:dirt":5,"minecraft:crafting_table":2,"wom:stone_staff":35,"minecraft:wooden_axe":11,"wom:tormented_mind":18,"epicfight:stone_greatsword":6,"minecraft:stone_axe":8,"minecraft:cobblestone":7,"tombstone:gift":1},"minecraft:mined":{"projectvibrantjourneys:rocks":1,"minecraft:grass_block":4,"biomesoplenty:flowering_oak_leaves":1,"minecraft:cobblestone":2,"minecraft:smooth_sandstone_slab":1,"minecraft:wall_torch":1,"minecraft:spawner":2,"minecraft:furnace":1,"minecraft:moss_carpet":1,"treechop:chopped_log":3,"projectvibrantjourneys:short_grass":5,"minecraft:dirt":9,"minecraft:wither_skeleton_skull":3,"minecraft:stone":89,"create:limestone":3,"minecraft:oak_leaves":4},"minecraft:killed_by":{"minecraft:player":3,"born_in_chaos_v1:corpse_fly":1},"minecraft:custom":{"minecraft:mob_kills":16,"minecraft:interact_with_crafting_table":9,"minecraft:open_barrel":2,"minecraft:damage_dealt_resisted":0,"minecraft:leave_game":4,"minecraft:time_since_death":2806,"minecraft:climb_one_cm":20260,"minecraft:damage_resisted":0,"minecraft:time_since_rest":2213,"minecraft:sprint_one_cm":58536,"minecraft:damage_taken":1875,"minecraft:walk_one_cm":221767,"minecraft:drop":21,"minecraft:damage_dealt":2517,"minecraft:damage_dealt_absorbed":617,"minecraft:swim_one_cm":1455,"minecraft:fly_one_cm":88745,"minecraft:player_kills":2,"minecraft:open_chest":1,"minecraft:crouch_one_cm":3918,"minecraft:play_time":25737,"tombstone:undead_killed":4,"minecraft:deaths":6,"minecraft:sneak_time":950,"minecraft:walk_under_water_one_cm":1772,"minecraft:jump":257,"minecraft:walk_on_water_one_cm":9849,"minecraft:total_world_time":25737,"minecraft:fall_one_cm":7865},"minecraft:picked_up":{"minecraft:wooden_axe":2,"born_in_chaos_v1:corpse_maggot":2,"minecraft:ladder":2,"projectvibrantjourneys:fallen_leaves":1,"wom:stone_staff":1,"minecraft:oak_log":1,"tombstone:grave_key":1,"minecraft:chain":1,"minecraft:wither_skeleton_skull":3,"minecraft:dirt":9,"minecraft:moss_carpet":1,"create:limestone":1,"minecraft:bone":2,"cataclysm:music_disc_ender_guardian":1,"minecraft:iron_sword":1,"minecraft:furnace":1,"minecraft:book":1,"projectvibrantjourneys:light_brown_bark_mushroom":1,"minecraft:stick":5,"epicfight:stone_greatsword":1,"projectvibrantjourneys:bark_mushroom":1,"minecraft:torch":1,"minecraft:spruce_sapling":7,"minecraft:spruce_log":29,"minecraft:smooth_sandstone_slab":2,"minecraft:arrow":2,"minecraft:rotten_flesh":6,"minecraft:peony":1,"projectvibrantjourneys:orange_bark_mushroom":3,"minecraft:cobblestone":88}},"DataVersion":3465}