{"stats":{"minecraft:picked_up":{"minecraft:charcoal":4,"minecraft:crafting_table":3,"minecraft:smoker":1,"minecraft:wither_rose":1,"minecraft:crimson_fungus":1,"minecraft:oak_log":96,"minecraft:lily_pad":1,"alexsmobs:gazelle_horn":1,"minecraft:dirt":7,"minecraft:apple":3,"minecraft:wheat_seeds":2,"minecraft:iron_ingot":1,"minecraft:rose_bush":1,"biomesoplenty:wildflower":1,"minecraft:oak_planks":31,"minecraft:furnace":1,"projectvibrantjourneys:light_brown_bark_mushroom":1,"minecraft:stick":24,"minecraft:spruce_stairs":1,"minecraft:rotten_flesh":2,"projectvibrantjourneys:cattail":1,"minecraft:baked_potato":13,"projectvibrantjourneys:orange_bark_mushroom":1,"minecraft:oak_sapling":44,"minecraft:mutton":1,"minecraft:coal":1,"minecraft:cobblestone":39},"minecraft:killed_by":{"witherstormmod:wither_storm":1,"undead_revamp2:thehorrors":1},"minecraft:dropped":{"minecraft:wheat_seeds":2,"minecraft:rotten_flesh":2,"projectvibrantjourneys:orange_bark_mushroom":1,"projectvibrantjourneys:light_brown_bark_mushroom":1,"minecraft:wooden_pickaxe":1,"minecraft:lily_pad":1},"minecraft:killed":{"born_in_chaos_v1:zombie_lumberjack":1,"alexsmobs:gazelle":1},"minecraft:mined":{"minecraft:smoker":1,"minecraft:crafting_table":3,"minecraft:grass_block":1,"minecraft:tall_grass":1,"minecraft:oak_planks":1,"minecraft:spruce_stairs":1,"minecraft:furnace":1,"treechop:chopped_log":14,"minecraft:grass":2,"minecraft:oak_log":1,"minecraft:coal_ore":1,"projectvibrantjourneys:short_grass":3,"minecraft:dirt":6,"minecraft:stone":40,"minecraft:oak_leaves":2},"minecraft:used":{"minecraft:stone_sword":9,"minecraft:stone_pickaxe":43,"minecraft:baked_potato":1,"minecraft:oak_planks":4,"minecraft:wooden_pickaxe":7,"minecraft:dirt":4,"minecraft:crafting_table":2,"minecraft:carrot":2,"wom:stone_staff":35,"minecraft:smoker":1,"minecraft:stone_axe":93,"minecraft:cobblestone":1,"minecraft:furnace":1,"minecraft:oak_boat":1,"minecraft:potato":1},"minecraft:crafted":{"minecraft:oak_planks":40,"minecraft:crafting_table":1,"wom:stone_staff":1,"minecraft:wooden_pickaxe":1,"minecraft:baked_potato":2,"minecraft:furnace":2,"minecraft:stone_axe":1,"minecraft:air":29,"minecraft:oak_boat":1,"minecraft:charcoal":4,"minecraft:stick":3,"minecraft:stone_pickaxe":1,"minecraft:stone_sword":1,"minecraft:smoker":1},"minecraft:custom":{"minecraft:interact_with_furnace":3,"minecraft:mob_kills":2,"minecraft:interact_with_crafting_table":6,"minecraft:open_barrel":9,"minecraft:leave_game":1,"minecraft:time_since_death":303,"minecraft:climb_one_cm":780,"minecraft:time_since_rest":1,"minecraft:sprint_one_cm":35856,"minecraft:damage_taken":501,"minecraft:walk_one_cm":153360,"minecraft:drop":6,"minecraft:damage_dealt":862,"minecraft:swim_one_cm":10938,"minecraft:fly_one_cm":97816,"minecraft:player_kills":1,"minecraft:open_chest":1,"minecraft:crouch_one_cm":290,"minecraft:play_time":15273,"tombstone:undead_killed":1,"minecraft:deaths":2,"minecraft:sneak_time":196,"minecraft:walk_under_water_one_cm":207,"minecraft:boat_one_cm":20,"minecraft:jump":227,"minecraft:walk_on_water_one_cm":1526,"minecraft:total_world_time":15273,"minecraft:interact_with_smoker":5,"minecraft:fall_one_cm":4435}},"DataVersion":3465}